ID,Title/Header,Link
1,ShadowFox,https://www.shadowfox.in/
2,Home,https://www.shadowfox.in/
3,Our Approach,https://www.shadowfox.in/approach
4,Domains,https://www.shadowfox.in/domains
5,Shop,https://www.shadowfox.in/merch
6,Verify,https://www.shadowfox.in/verify
7,Register,https://forms.gle/s2sxbLVDF7mJEUcu8
8,ShadowFox,https://www.shadowfox.in/
9,Home,https://www.shadowfox.in/
10,Our Approach,https://www.shadowfox.in/approach
11,Domains,https://www.shadowfox.in/domains
12,Shop,https://www.shadowfox.in/merch
13,Verify,https://www.shadowfox.in/verify
14,Register,https://forms.gle/s2sxbLVDF7mJEUcu8
15,A Learning Brandbuilt for outcomes.,https://www.shadowfox.in/N/A
16,Explore domains,https://www.shadowfox.in/domains
17,Register Now,https://forms.gle/s2sxbLVDF7mJEUcu8
18,Hear From OurSuccess Stories,https://www.shadowfox.in/N/A
19,ShadowFox for Good,https://www.shadowfox.in/N/A
20,Support Our Mission,https://forms.gle/s2sxbLVDF7mJEUcu8
21,Campus Ambassadors,https://www.shadowfox.in/N/A
22,Become an Ambassador,https://forms.gle/SLVzxry3nijcgwVc8
23,ShadowFox,https://www.shadowfox.in/
24,LinkedIn,https://www.linkedin.com/company/shadowfoxinfo/
25,Join the community,https://chat.whatsapp.com/CSSYJi4Q3C1GMiwvfRB19Y
26,Home,https://www.shadowfox.in/
27,Our Approach,https://www.shadowfox.in/approach
28,Domains,https://www.shadowfox.in/domains
29,Shop,https://www.shadowfox.in/merch
30,support@shadowfox.in,https://www.shadowfox.in/mailto:support@shadowfox.in
31,+91-8095776765,https://www.shadowfox.in/tel:+918095776765
32,Apply Now,https://forms.gle/SLVzxry3nijcgwVc8
